<?xml version="1.0" encoding="UTF-8"?>
<GenRun Id="csi_to_axis_0_synth_1" LaunchPart="xc7s15ftgb196-1" LaunchTime="1596032936">
  <File Type="PA-TCL" Name="csi_to_axis_0.tcl"/>
  <File Type="REPORTS-TCL" Name="csi_to_axis_0_reports.tcl"/>
  <File Type="RDS-RDS" Name="csi_to_axis_0.vds"/>
  <File Type="RDS-UTIL" Name="csi_to_axis_0_utilization_synth.rpt"/>
  <File Type="RDS-UTIL-PB" Name="csi_to_axis_0_utilization_synth.pb"/>
  <File Type="RDS-DCP" Name="csi_to_axis_0.dcp"/>
  <FileSet Name="sources" Type="BlockSrcs" RelSrcDir="$PSRCDIR/csi_to_axis_0">
    <File Path="$PSRCDIR/sources_1/ip/csi_to_axis_0/csi_to_axis_0.xci">
      <FileInfo>
        <Attr Name="ImportPath" Val="C:/Users/28605/Desktop/lab_102/lab_102.srcs/sources_1/ip/csi_to_axis_0/csi_to_axis_0.xci"/>
        <Attr Name="ImportTime" Val="1596032933"/>
        <Attr Name="UsedIn" Val="synthesis"/>
        <Attr Name="UsedIn" Val="implementation"/>
        <Attr Name="UsedIn" Val="simulation"/>
      </FileInfo>
    </File>
    <Config>
      <Option Name="TopModule" Val="csi_to_axis_0"/>
      <Option Name="UseBlackboxStub" Val="1"/>
    </Config>
  </FileSet>
  <FileSet Name="constrs_in" Type="BlockSrcs" RelSrcDir="$PSRCDIR/csi_to_axis_0">
    <File Path="$PSRCDIR/sources_1/ip/csi_to_axis_0/csi_to_axis_0.xci">
      <FileInfo>
        <Attr Name="ImportPath" Val="C:/Users/28605/Desktop/lab_102/lab_102.srcs/sources_1/ip/csi_to_axis_0/csi_to_axis_0.xci"/>
        <Attr Name="ImportTime" Val="1596032933"/>
        <Attr Name="UsedIn" Val="synthesis"/>
        <Attr Name="UsedIn" Val="implementation"/>
        <Attr Name="UsedIn" Val="simulation"/>
      </FileInfo>
    </File>
    <Config>
      <Option Name="TopModule" Val="csi_to_axis_0"/>
      <Option Name="UseBlackboxStub" Val="1"/>
    </Config>
  </FileSet>
  <FileSet Name="utils" Type="Utils" RelSrcDir="$PSRCDIR/utils_1">
    <Filter Type="Utils"/>
    <Config>
      <Option Name="TopAutoSet" Val="TRUE"/>
    </Config>
  </FileSet>
  <Strategy Version="1" Minor="2">
    <StratHandle Name="Vivado Synthesis Defaults" Flow="Vivado Synthesis 2018"/>
    <Step Id="synth_design"/>
  </Strategy>
</GenRun>
