<?xml version="1.0" encoding="UTF-8"?>
<GenRun Id="Shift_Line_synth_1" LaunchPart="xc7s15ftgb196-1" LaunchTime="1596035102">
  <File Type="PA-TCL" Name="Shift_Line.tcl"/>
  <File Type="REPORTS-TCL" Name="Shift_Line_reports.tcl"/>
  <File Type="RDS-RDS" Name="Shift_Line.vds"/>
  <File Type="RDS-UTIL" Name="Shift_Line_utilization_synth.rpt"/>
  <File Type="RDS-UTIL-PB" Name="Shift_Line_utilization_synth.pb"/>
  <File Type="RDS-DCP" Name="Shift_Line.dcp"/>
  <FileSet Name="sources" Type="BlockSrcs" RelSrcDir="$PSRCDIR/Shift_Line">
    <File Path="$PSRCDIR/sources_1/ip/Shift_Line/Shift_Line.xci">
      <FileInfo>
        <Attr Name="ImportPath" Val="C:/Users/28605/Desktop/lab_102/lab_102.srcs/sources_1/ip/Shift_Line/Shift_Line.xci"/>
        <Attr Name="ImportTime" Val="1596035090"/>
        <Attr Name="UsedIn" Val="synthesis"/>
        <Attr Name="UsedIn" Val="implementation"/>
        <Attr Name="UsedIn" Val="simulation"/>
      </FileInfo>
    </File>
    <Config>
      <Option Name="TopModule" Val="Shift_Line"/>
      <Option Name="UseBlackboxStub" Val="1"/>
    </Config>
  </FileSet>
  <FileSet Name="constrs_in" Type="BlockSrcs" RelSrcDir="$PSRCDIR/Shift_Line">
    <File Path="$PSRCDIR/sources_1/ip/Shift_Line/Shift_Line.xci">
      <FileInfo>
        <Attr Name="ImportPath" Val="C:/Users/28605/Desktop/lab_102/lab_102.srcs/sources_1/ip/Shift_Line/Shift_Line.xci"/>
        <Attr Name="ImportTime" Val="1596035090"/>
        <Attr Name="UsedIn" Val="synthesis"/>
        <Attr Name="UsedIn" Val="implementation"/>
        <Attr Name="UsedIn" Val="simulation"/>
      </FileInfo>
    </File>
    <Config>
      <Option Name="TopModule" Val="Shift_Line"/>
      <Option Name="UseBlackboxStub" Val="1"/>
    </Config>
  </FileSet>
  <FileSet Name="utils" Type="Utils" RelSrcDir="$PSRCDIR/utils_1">
    <Filter Type="Utils"/>
    <Config>
      <Option Name="TopAutoSet" Val="TRUE"/>
    </Config>
  </FileSet>
  <Strategy Version="1" Minor="2">
    <StratHandle Name="Vivado Synthesis Defaults" Flow="Vivado Synthesis 2018"/>
    <Step Id="synth_design"/>
  </Strategy>
</GenRun>
