<?xml version="1.0" encoding="UTF-8"?>
<GenRun Id="impl_1" LaunchPart="xc7s15ftgb196-1" LaunchTime="1596199620">
  <File Type="BITSTR-BMM" Name="test_bd.bmm"/>
  <File Type="ROUTE-PWR" Name="test_power_routed.rpt"/>
  <File Type="PA-TCL" Name="test.tcl"/>
  <File Type="OPT-DCP" Name="test_opt.dcp"/>
  <File Type="ROUTE-PWR-SUM" Name="test_power_summary_routed.pb"/>
  <File Type="REPORTS-TCL" Name="test_reports.tcl"/>
  <File Type="OPT-DRC" Name="test_drc_opted.rpt"/>
  <File Type="OPT-HWDEF" Name="test.hwdef"/>
  <File Type="PWROPT-DCP" Name="test_pwropt.dcp"/>
  <File Type="PLACE-DCP" Name="test_placed.dcp"/>
  <File Type="PLACE-IO" Name="test_io_placed.rpt"/>
  <File Type="PLACE-UTIL" Name="test_utilization_placed.rpt"/>
  <File Type="PLACE-UTIL-PB" Name="test_utilization_placed.pb"/>
  <File Type="PLACE-CTRL" Name="test_control_sets_placed.rpt"/>
  <File Type="PLACE-PRE-SIMILARITY" Name="test_incremental_reuse_pre_placed.rpt"/>
  <File Type="BG-BGN" Name="test.bgn"/>
  <File Type="POSTPLACE-PWROPT-DCP" Name="test_postplace_pwropt.dcp"/>
  <File Type="BG-BIN" Name="test.bin"/>
  <File Type="PHYSOPT-DCP" Name="test_physopt.dcp"/>
  <File Type="BITSTR-MSK" Name="test.msk"/>
  <File Type="ROUTE-ERROR-DCP" Name="test_routed_error.dcp"/>
  <File Type="ROUTE-DCP" Name="test_routed.dcp"/>
  <File Type="ROUTE-BLACKBOX-DCP" Name="test_routed_bb.dcp"/>
  <File Type="ROUTE-DRC" Name="test_drc_routed.rpt"/>
  <File Type="ROUTE-DRC-PB" Name="test_drc_routed.pb"/>
  <File Type="BITSTR-LTX" Name="test.ltx"/>
  <File Type="ROUTE-DRC-RPX" Name="test_drc_routed.rpx"/>
  <File Type="BITSTR-MMI" Name="test.mmi"/>
  <File Type="ROUTE-METHODOLOGY-DRC" Name="test_methodology_drc_routed.rpt"/>
  <File Type="ROUTE-METHODOLOGY-DRC-RPX" Name="test_methodology_drc_routed.rpx"/>
  <File Type="BITSTR-SYSDEF" Name="test.sysdef"/>
  <File Type="ROUTE-METHODOLOGY-DRC-PB" Name="test_methodology_drc_routed.pb"/>
  <File Type="ROUTE-PWR-RPX" Name="test_power_routed.rpx"/>
  <File Type="ROUTE-STATUS" Name="test_route_status.rpt"/>
  <File Type="ROUTE-STATUS-PB" Name="test_route_status.pb"/>
  <File Type="ROUTE-TIMINGSUMMARY" Name="test_timing_summary_routed.rpt"/>
  <File Type="ROUTE-TIMING-PB" Name="test_timing_summary_routed.pb"/>
  <File Type="ROUTE-TIMING-RPX" Name="test_timing_summary_routed.rpx"/>
  <File Type="RDI-RDI" Name="test.vdi"/>
  <File Type="ROUTE-CLK" Name="test_clock_utilization_routed.rpt"/>
  <File Type="ROUTE-BUS-SKEW" Name="test_bus_skew_routed.rpt"/>
  <File Type="ROUTE-BUS-SKEW-PB" Name="test_bus_skew_routed.pb"/>
  <File Type="ROUTE-BUS-SKEW-RPX" Name="test_bus_skew_routed.rpx"/>
  <File Type="POSTROUTE-PHYSOPT-DCP" Name="test_postroute_physopt.dcp"/>
  <File Type="POSTROUTE-PHYSOPT-BLACKBOX-DCP" Name="test_postroute_physopt_bb.dcp"/>
  <File Type="BG-BIT" Name="test.bit"/>
  <File Type="BITSTR-RBT" Name="test.rbt"/>
  <File Type="BITSTR-NKY" Name="test.nky"/>
  <File Type="BG-DRC" Name="test.drc"/>
  <File Type="WBT-USG" Name="usage_statistics_webtalk.html"/>
  <FileSet Name="sources" Type="DesignSrcs" RelSrcDir="$PSRCDIR/sources_1">
    <Filter Type="Srcs"/>
    <File Path="$PSRCDIR/sources_1/ip/RAM_Line/RAM_Line.xci">
      <FileInfo>
        <Attr Name="ImportPath" Val="C:/Users/28605/Desktop/lab_102/lab_102.srcs/sources_1/ip/RAM_Line/RAM_Line.xci"/>
        <Attr Name="ImportTime" Val="1596333798"/>
        <Attr Name="UsedIn" Val="synthesis"/>
        <Attr Name="UsedIn" Val="implementation"/>
        <Attr Name="UsedIn" Val="simulation"/>
      </FileInfo>
    </File>
    <File Path="$PSRCDIR/sources_1/ip/AXIS_Data_RAM/AXIS_Data_RAM.xci">
      <FileInfo>
        <Attr Name="ImportPath" Val="C:/Users/28605/Desktop/lab_102/lab_102.srcs/sources_1/ip/AXIS_Data_RAM/AXIS_Data_RAM.xci"/>
        <Attr Name="ImportTime" Val="1596333798"/>
        <Attr Name="UsedIn" Val="synthesis"/>
        <Attr Name="UsedIn" Val="implementation"/>
        <Attr Name="UsedIn" Val="simulation"/>
      </FileInfo>
    </File>
    <File Path="$PSRCDIR/sources_1/ip/clk_wiz_1/clk_wiz_1.xci">
      <FileInfo>
        <Attr Name="ImportPath" Val="C:/Users/28605/Desktop/lab_102/lab_102.srcs/sources_1/ip/clk_wiz_1/clk_wiz_1.xci"/>
        <Attr Name="ImportTime" Val="1596333798"/>
        <Attr Name="UsedIn" Val="synthesis"/>
        <Attr Name="UsedIn" Val="implementation"/>
        <Attr Name="UsedIn" Val="simulation"/>
      </FileInfo>
    </File>
    <File Path="$PSRCDIR/sources_1/ip/rgb2dvi_0/rgb2dvi_0.xci">
      <FileInfo>
        <Attr Name="ImportPath" Val="C:/Users/28605/Desktop/lab_102/lab_102.srcs/sources_1/ip/rgb2dvi_0/rgb2dvi_0.xci"/>
        <Attr Name="ImportTime" Val="1596032974"/>
        <Attr Name="UsedIn" Val="synthesis"/>
        <Attr Name="UsedIn" Val="implementation"/>
        <Attr Name="UsedIn" Val="simulation"/>
      </FileInfo>
    </File>
    <File Path="$PSRCDIR/sources_1/ip/clk_wiz_0/clk_wiz_0.xci">
      <FileInfo>
        <Attr Name="ImportPath" Val="C:/Users/28605/Desktop/lab_102/lab_102.srcs/sources_1/ip/clk_wiz_0/clk_wiz_0.xci"/>
        <Attr Name="ImportTime" Val="1596333798"/>
        <Attr Name="UsedIn" Val="synthesis"/>
        <Attr Name="UsedIn" Val="implementation"/>
        <Attr Name="UsedIn" Val="simulation"/>
      </FileInfo>
    </File>
    <File Path="$PSRCDIR/sources_1/new/Driver_Bayer_To_RGB.v">
      <FileInfo>
        <Attr Name="ImportPath" Val="C:/Users/28605/Desktop/lab_102/lab_102.srcs/sources_1/new/Driver_Bayer_To_RGB.v"/>
        <Attr Name="ImportTime" Val="1594196785"/>
        <Attr Name="UsedIn" Val="synthesis"/>
        <Attr Name="UsedIn" Val="implementation"/>
        <Attr Name="UsedIn" Val="simulation"/>
      </FileInfo>
    </File>
    <File Path="$PSRCDIR/sources_1/new/Driver_Csi_To_Dvp.v">
      <FileInfo>
        <Attr Name="ImportPath" Val="C:/Users/28605/Desktop/lab_102/lab_102.srcs/sources_1/new/Driver_Csi_To_Dvp.v"/>
        <Attr Name="ImportTime" Val="1594190970"/>
        <Attr Name="UsedIn" Val="synthesis"/>
        <Attr Name="UsedIn" Val="implementation"/>
        <Attr Name="UsedIn" Val="simulation"/>
      </FileInfo>
    </File>
    <File Path="$PSRCDIR/sources_1/new/Driver_IIC.v">
      <FileInfo>
        <Attr Name="ImportPath" Val="C:/Users/28605/Desktop/lab_102/lab_102.srcs/sources_1/new/Driver_IIC.v"/>
        <Attr Name="ImportTime" Val="1593066440"/>
        <Attr Name="UsedIn" Val="synthesis"/>
        <Attr Name="UsedIn" Val="implementation"/>
        <Attr Name="UsedIn" Val="simulation"/>
      </FileInfo>
    </File>
    <File Path="$PSRCDIR/sources_1/new/Driver_MIPI.v">
      <FileInfo>
        <Attr Name="ImportPath" Val="C:/Users/28605/Desktop/lab_102/lab_102.srcs/sources_1/new/Driver_MIPI.v"/>
        <Attr Name="ImportTime" Val="1594196121"/>
        <Attr Name="UsedIn" Val="synthesis"/>
        <Attr Name="UsedIn" Val="implementation"/>
        <Attr Name="UsedIn" Val="simulation"/>
      </FileInfo>
    </File>
    <File Path="$PSRCDIR/sources_1/new/Image_Process_Edge.v">
      <FileInfo>
        <Attr Name="ImportPath" Val="C:/Users/28605/Desktop/lab_102/lab_102.srcs/sources_1/new/Image_Process_Edge.v"/>
        <Attr Name="ImportTime" Val="1596257470"/>
        <Attr Name="UsedIn" Val="synthesis"/>
        <Attr Name="UsedIn" Val="implementation"/>
        <Attr Name="UsedIn" Val="simulation"/>
      </FileInfo>
    </File>
    <File Path="$PSRCDIR/sources_1/new/OV5647_Init.v">
      <FileInfo>
        <Attr Name="ImportPath" Val="C:/Users/28605/Desktop/lab_102/lab_102.srcs/sources_1/new/OV5647_Init.v"/>
        <Attr Name="ImportTime" Val="1594190278"/>
        <Attr Name="UsedIn" Val="synthesis"/>
        <Attr Name="UsedIn" Val="implementation"/>
        <Attr Name="UsedIn" Val="simulation"/>
      </FileInfo>
    </File>
    <File Path="$PSRCDIR/sources_1/new/Trigger_Generator.v">
      <FileInfo>
        <Attr Name="ImportPath" Val="C:/Users/28605/Desktop/lab_102/lab_102.srcs/sources_1/new/Trigger_Generator.v"/>
        <Attr Name="ImportTime" Val="1593066387"/>
        <Attr Name="UsedIn" Val="synthesis"/>
        <Attr Name="UsedIn" Val="implementation"/>
        <Attr Name="UsedIn" Val="simulation"/>
      </FileInfo>
    </File>
    <File Path="$PSRCDIR/sources_1/new/image_processing.v">
      <FileInfo>
        <Attr Name="ImportPath" Val="C:/Users/28605/Desktop/lab_102/lab_102.srcs/sources_1/new/image_processing.v"/>
        <Attr Name="ImportTime" Val="1596102484"/>
        <Attr Name="UsedIn" Val="synthesis"/>
        <Attr Name="UsedIn" Val="implementation"/>
        <Attr Name="UsedIn" Val="simulation"/>
      </FileInfo>
    </File>
    <File Path="$PSRCDIR/sources_1/new/videoshow.v">
      <FileInfo>
        <Attr Name="ImportPath" Val="C:/Users/28605/Desktop/lab_102/lab_102.srcs/sources_1/new/videoshow.v"/>
        <Attr Name="ImportTime" Val="1596213791"/>
        <Attr Name="UsedIn" Val="synthesis"/>
        <Attr Name="UsedIn" Val="implementation"/>
        <Attr Name="UsedIn" Val="simulation"/>
      </FileInfo>
    </File>
    <File Path="$PSRCDIR/sources_1/new/test.v">
      <FileInfo>
        <Attr Name="ImportPath" Val="C:/Users/28605/Desktop/lab_102/lab_102.srcs/sources_1/new/test.v"/>
        <Attr Name="ImportTime" Val="1596044740"/>
        <Attr Name="UsedIn" Val="synthesis"/>
        <Attr Name="UsedIn" Val="implementation"/>
        <Attr Name="UsedIn" Val="simulation"/>
      </FileInfo>
    </File>
    <File Path="$PSRCDIR/sources_1/ip/RAM_Line.xcix">
      <FileInfo>
        <Attr Name="ImportPath" Val="C:/Users/28605/Desktop/lab_102/lab_102.srcs/sources_1/ip/RAM_Line.xcix"/>
        <Attr Name="ImportTime" Val="1596030166"/>
        <Attr Name="UsedIn" Val="synthesis"/>
        <Attr Name="UsedIn" Val="implementation"/>
        <Attr Name="UsedIn" Val="simulation"/>
      </FileInfo>
    </File>
    <File Path="$PSRCDIR/sources_1/ip/AXIS_Data_RAM.xcix">
      <FileInfo>
        <Attr Name="ImportPath" Val="C:/Users/28605/Desktop/lab_102/lab_102.srcs/sources_1/ip/AXIS_Data_RAM.xcix"/>
        <Attr Name="ImportTime" Val="1596030166"/>
        <Attr Name="UsedIn" Val="synthesis"/>
        <Attr Name="UsedIn" Val="implementation"/>
        <Attr Name="UsedIn" Val="simulation"/>
      </FileInfo>
    </File>
    <File Path="$PSRCDIR/sources_1/ip/clk_wiz_1.xcix">
      <FileInfo>
        <Attr Name="ImportPath" Val="C:/Users/28605/Desktop/lab_102/lab_102.srcs/sources_1/ip/clk_wiz_1.xcix"/>
        <Attr Name="ImportTime" Val="1596030091"/>
        <Attr Name="UsedIn" Val="synthesis"/>
        <Attr Name="UsedIn" Val="implementation"/>
        <Attr Name="UsedIn" Val="simulation"/>
      </FileInfo>
    </File>
    <File Path="$PSRCDIR/sources_1/ip/clk_wiz_0.xcix">
      <FileInfo>
        <Attr Name="ImportPath" Val="C:/Users/28605/Desktop/lab_102/lab_102.srcs/sources_1/ip/clk_wiz_0.xcix"/>
        <Attr Name="ImportTime" Val="1596030091"/>
        <Attr Name="UsedIn" Val="synthesis"/>
        <Attr Name="UsedIn" Val="implementation"/>
        <Attr Name="UsedIn" Val="simulation"/>
      </FileInfo>
    </File>
    <File Path="$PSRCDIR/sources_1/new/Delay_Signal.v">
      <FileInfo>
        <Attr Name="AutoDisabled" Val="1"/>
        <Attr Name="ImportPath" Val="C:/Users/28605/Desktop/lab_102/lab_102.srcs/sources_1/new/Delay_Signal.v"/>
        <Attr Name="ImportTime" Val="1596028646"/>
        <Attr Name="UsedIn" Val="synthesis"/>
        <Attr Name="UsedIn" Val="implementation"/>
        <Attr Name="UsedIn" Val="simulation"/>
      </FileInfo>
    </File>
    <File Path="C:/Users/28605/Desktop/lab_102/images/0.coe">
      <FileInfo>
        <Attr Name="UsedIn" Val="synthesis"/>
        <Attr Name="UsedIn" Val="simulation"/>
      </FileInfo>
    </File>
    <File Path="C:/Users/28605/Desktop/lab_102/images/1.coe">
      <FileInfo>
        <Attr Name="UsedIn" Val="synthesis"/>
        <Attr Name="UsedIn" Val="simulation"/>
      </FileInfo>
    </File>
    <File Path="C:/Users/28605/Desktop/lab_102/images/2.coe">
      <FileInfo>
        <Attr Name="UsedIn" Val="synthesis"/>
        <Attr Name="UsedIn" Val="simulation"/>
      </FileInfo>
    </File>
    <File Path="C:/Users/28605/Desktop/lab_102/images/3.coe">
      <FileInfo>
        <Attr Name="UsedIn" Val="synthesis"/>
        <Attr Name="UsedIn" Val="simulation"/>
      </FileInfo>
    </File>
    <File Path="C:/Users/28605/Desktop/lab_102/images/4.coe">
      <FileInfo>
        <Attr Name="UsedIn" Val="synthesis"/>
        <Attr Name="UsedIn" Val="simulation"/>
      </FileInfo>
    </File>
    <File Path="C:/Users/28605/Desktop/lab_102/images/5.coe">
      <FileInfo>
        <Attr Name="UsedIn" Val="synthesis"/>
        <Attr Name="UsedIn" Val="simulation"/>
      </FileInfo>
    </File>
    <File Path="C:/Users/28605/Desktop/lab_102/images/6.coe">
      <FileInfo>
        <Attr Name="UsedIn" Val="synthesis"/>
        <Attr Name="UsedIn" Val="simulation"/>
      </FileInfo>
    </File>
    <File Path="C:/Users/28605/Desktop/lab_102/images/7.coe">
      <FileInfo>
        <Attr Name="UsedIn" Val="synthesis"/>
        <Attr Name="UsedIn" Val="simulation"/>
      </FileInfo>
    </File>
    <File Path="C:/Users/28605/Desktop/lab_102/images/8.coe">
      <FileInfo>
        <Attr Name="UsedIn" Val="synthesis"/>
        <Attr Name="UsedIn" Val="simulation"/>
      </FileInfo>
    </File>
    <File Path="C:/Users/28605/Desktop/lab_102/images/9.coe">
      <FileInfo>
        <Attr Name="UsedIn" Val="synthesis"/>
        <Attr Name="UsedIn" Val="simulation"/>
      </FileInfo>
    </File>
    <Config>
      <Option Name="DesignMode" Val="RTL"/>
      <Option Name="TopModule" Val="test"/>
      <Option Name="TopAutoSet" Val="TRUE"/>
    </Config>
  </FileSet>
  <FileSet Name="constrs_in" Type="Constrs" RelSrcDir="$PSRCDIR/constrs_1">
    <Filter Type="Constrs"/>
    <File Path="$PSRCDIR/constrs_1/new/system.xdc">
      <FileInfo>
        <Attr Name="ImportPath" Val="C:/Users/28605/Desktop/lab_102/lab_102.srcs/constrs_1/new/system.xdc"/>
        <Attr Name="ImportTime" Val="1596032066"/>
        <Attr Name="UsedIn" Val="synthesis"/>
        <Attr Name="UsedIn" Val="implementation"/>
      </FileInfo>
    </File>
    <Config>
      <Option Name="ConstrsType" Val="XDC"/>
    </Config>
  </FileSet>
  <FileSet Name="utils" Type="Utils" RelSrcDir="$PSRCDIR/utils_1">
    <Filter Type="Utils"/>
    <Config>
      <Option Name="TopAutoSet" Val="TRUE"/>
    </Config>
  </FileSet>
  <Strategy Version="1" Minor="2">
    <StratHandle Name="Vivado Implementation Defaults" Flow="Vivado Implementation 2018"/>
    <Step Id="init_design"/>
    <Step Id="opt_design"/>
    <Step Id="power_opt_design"/>
    <Step Id="place_design"/>
    <Step Id="post_place_power_opt_design"/>
    <Step Id="phys_opt_design"/>
    <Step Id="route_design"/>
    <Step Id="post_route_phys_opt_design"/>
    <Step Id="write_bitstream"/>
  </Strategy>
  <BlockFileSet Type="BlockSrcs" Name="RGB_To_Gray_0"/>
  <BlockFileSet Type="BlockSrcs" Name="csi2_d_phy_rx_0"/>
  <BlockFileSet Type="BlockSrcs" Name="csi_to_axis_0"/>
</GenRun>
